기업 이름,모집 제목,경력,학력,우대,고용 형태, 급여, 지역, 모집 기간
㈜단비교육,유초등 에듀테크 1등 기업 단비교육 (프론트엔드개발/백엔드개발/정보보안담당/서비스기획),경력무관,,,,,,시작일 2022.11.01(화) 마감일 2022.11.30(수)
㈜톤28,[톤 28] MD/마케팅/인플루언서 마케팅/해외 영업/PM/UI/UX 디자이너/프론트 엔드 개발자/DBA/웹디자이너/영상(유투브 SNS 제작)/인사/물류(3PL)/구매 하반기 대규모 채용,신입·경력,,,,,,시작일 2022.11.14(월) 마감일 2022.12.14(수)
㈜아프리카TV,[아프리카TV]글로벌 서비스 백엔드/프론트엔드/React Native 개발,경력3년↑,,,,,,시작일 2022.11.14(월) 마감일 2022.11.27(일)
카페24㈜,[EC솔루션그룹] 프론트엔드(Front-End) 개발자 모집,경력무관,,,,,,
㈜리치앤코,[본사] UI개발 담당자 채용 (프론트엔드),경력4년↑,,,,,,시작일 2022.11.10(목) 마감일 2022.11.23(수)
(주)위메프,[버티컬서비스] 프론트엔드 개발자,경력5년↑,,,,,,시작일 2022.11.07(월) 마감일 2022.12.08(목)
㈜캐럿글로벌,프론트엔드 웹퍼블리셔 경력직 모집,경력3년↑,,,,,,시작일 2022.11.04(금) 마감일 2022.12.30(금)
㈜휴넷,[계열사/모두의 코딩] 프론트엔드 개발자 채용,경력,,,,,,시작일 2022.11.02(수) 마감일 2022.12.01(목)
(주)위메프,[위메프서비스] 프론트엔드 개발자,경력3년↑,,,,,,시작일 2022.11.02(수) 마감일 2022.12.02(금)
더이앤엠,프론트엔드 개발자(경력) 인재 모집,경력8년↑,,,,,,시작일 2022.11.01(화) 마감일 2023.01.30(월)
㈜빛컨,연구소 프론트엔드/백엔드/펌웨어 개발/기술영업 직원 채용,경력무관,,,,,,시작일 2022.10.24(월) 마감일 2022.11.30(수)
네이버제트,Internal Service팀 React 웹 프론트엔드 개발자,경력,,,,,,시작일 2022.10.15(토) 마감일 2022.11.30(수)
㈜웅진씽크빅,[웅진씽크빅] `교육사업부문` 정규직 프론트엔드 개발자 채용,경력3년↑,,,,,,시작일 2022.09.27(화) 마감일 2022.11.30(수)
스탠다드네트웍스㈜,[STD] 웹 프론트엔드 & 퍼블리셔 채용,경력무관,,,,,,
(주)위메프,[위메프] 신규서비스 프론트엔드 개발자,경력3년↑,,,,,,시작일 2022.10.18(화) 마감일 2022.11.17(목)
㈜포티투마루,[포티투마루] 챗봇 프론트엔드 개발자,경력2년↑,,,,,,
넷마블,[넷마블] 게임 지표 제공 포털 서비스 개발 담당 모집 (프론트엔드 계약직),경력,,,,,,시작일 2022.09.28(수) 마감일 2022.12.27(화)
㈜제이슨그룹,프론트엔드 개발자 직원 채용,경력3년↑,,,,,,
(주)섹타나인,[Secta9ine] 키오스크 개발자 수시 채용(프론트엔드/백엔드),경력5년↑,,,,,,시작일 2022.11.15(화) 마감일 2022.11.29(화)
㈜더에스엠씨그룹,[개발직군] 프론트엔드ㆍ백엔드 경력 채용,경력,,,,,,시작일 2022.11.15(화) 마감일 2022.12.14(수)
